./P_64/1493237348836_18_-study-where_to_find_morel_mushrooms_instructions_frames/1491424517205.png,1491424517205,0.03315551578998566,0.363176167011261,0.10444220155477524,0.44458311796188354,0.5131944444444444,0.10777777777777778,128.89,165.62,111.94,214.57,107.61,266.01,109.03,322.19,125.30,367.34,150.01,402.35,180.52,427.45,214.68,442.60,256.93,445.56,300.75,434.80,339.58,411.01,370.52,374.77,390.18,327.70,407.00,283.47,412.70,235.13,377.80,229.98,360.27,215.24,325.77,205.66,298.07,205.36,152.51,164.73,171.76,161.99,203.15,170.80,225.83,184.99,183.56,178.79,209.87,170.97,231.34,192.24,204.42,192.44,207.04,179.13,345.01,224.74,323.28,203.94,295.30,211.21,317.16,224.59,320.81,211.90,260.74,200.71,222.60,246.35,213.34,267.32,219.65,284.55,235.33,291.29,257.55,296.08,272.57,282.45,273.12,260.07,249.10,237.36,224.97,278.16,252.95,286.23,208.58,344.36,215.15,327.48,225.40,322.80,233.03,329.57,243.08,328.23,254.87,339.58,259.26,361.03,252.11,363.54,241.21,363.20,229.71,359.20,220.32,355.35,214.78,351.07,222.44,334.42,234.64,339.30,249.28,344.05,247.58,343.70,232.76,336.80,219.02,334.48,238.04,272.03,194.32,170.68,224.82,178.86,218.90,193.15,191.82,186.69,337.23,211.61,306.92,202.55,304.95,218.34,332.34,226.57,
./P_64/1493237348836_18_-study-where_to_find_morel_mushrooms_instructions_frames/1491424517299.png,1491424517299,-0.01356456521898508,0.1665029227733612,0.0698157399892807,0.10841845721006393,0.11805555555555555,0.12777777777777777,133.15,168.81,117.25,216.68,112.30,266.36,112.54,320.34,126.53,364.34,148.46,398.95,176.47,424.17,210.22,438.88,252.14,443.00,295.55,432.63,333.99,409.65,364.77,374.19,383.80,328.19,400.21,284.74,404.95,236.24,368.47,225.78,350.12,211.62,317.54,201.93,290.57,200.30,150.87,166.71,172.21,161.56,204.97,169.61,228.33,182.51,184.72,178.90,212.24,170.64,232.77,192.45,206.42,192.48,211.00,179.85,342.34,224.15,322.04,202.66,292.50,210.24,315.60,224.18,321.00,211.81,258.26,196.55,218.50,246.45,209.63,267.14,215.53,283.54,230.51,288.08,253.08,295.12,267.59,282.36,268.55,260.34,245.06,233.22,220.94,274.91,248.56,282.92,201.50,342.85,208.31,323.51,220.16,317.66,229.01,324.62,239.91,323.84,252.69,336.81,256.34,361.05,248.55,361.41,237.57,359.82,225.05,355.16,214.64,351.58,208.39,348.16,216.16,331.06,229.78,335.58,245.93,341.51,244.43,340.90,228.09,332.85,212.87,330.72,233.38,267.90,196.28,170.45,227.12,178.59,220.81,193.41,193.25,186.87,335.65,210.61,305.18,201.15,302.96,217.76,330.45,226.18,
./P_64/1493237348836_18_-study-where_to_find_morel_mushrooms_instructions_frames/1491424517395.png,1491424517395,0.02132018283009529,0.21107357740402222,0.07368648052215576,0.14416944980621338,0.26180555555555557,0.027777777777777776,138.76,171.79,123.44,218.08,117.44,265.88,116.69,317.27,128.32,360.38,147.44,395.47,172.82,422.11,206.14,436.85,247.63,442.03,290.62,431.49,328.99,408.86,359.99,374.04,378.76,328.88,394.35,285.92,397.73,237.50,360.93,220.08,342.03,205.65,310.41,195.90,283.84,193.47,150.74,166.05,173.48,158.23,207.71,166.06,231.62,178.28,185.80,179.15,214.05,170.45,233.67,192.73,207.85,192.88,214.16,180.88,340.12,224.05,321.12,201.91,290.41,209.68,314.23,224.40,320.99,212.33,256.26,192.43,215.37,246.05,205.89,266.26,211.57,282.08,226.39,285.21,249.94,294.05,264.23,281.98,264.60,260.01,241.65,229.19,217.28,272.05,245.06,280.10,195.56,339.32,203.26,319.35,216.28,312.87,225.91,319.88,237.24,319.61,251.00,333.65,255.38,359.40,246.73,358.54,235.21,356.42,221.43,351.35,209.89,347.51,203.04,344.12,211.33,327.29,226.05,331.92,243.64,338.65,241.97,338.33,224.31,329.55,208.01,327.28,229.37,263.96,197.92,170.41,228.67,178.49,222.13,193.92,194.33,187.28,334.33,210.17,304.03,200.32,301.34,217.70,328.81,226.35,
./P_64/1493237348836_18_-study-where_to_find_morel_mushrooms_instructions_frames/1491424517495.png,1491424517495,0.34787145256996155,0.2915438711643219,0.34454357624053955,0.40660491585731506,0.28888888888888886,0.6477777777777778,143.47,174.64,127.67,219.16,120.85,264.78,119.83,313.56,129.93,355.43,147.18,390.83,170.17,418.86,202.46,433.67,242.74,439.47,284.94,428.90,323.51,407.19,355.17,373.94,374.78,330.01,389.75,287.82,392.01,239.53,355.22,214.34,336.55,199.09,305.46,188.56,279.31,185.28,154.72,163.89,177.39,154.26,212.22,161.32,236.30,172.63,187.34,179.43,215.09,170.87,233.70,192.45,208.83,193.05,215.71,181.67,337.28,223.37,319.20,201.50,289.06,208.89,312.26,223.96,319.48,212.37,255.60,188.37,213.85,245.52,202.35,265.21,208.12,280.96,223.98,284.09,249.01,293.63,263.53,281.99,262.02,259.34,239.95,226.33,214.43,270.84,243.39,279.05,190.72,334.26,200.14,317.00,213.49,311.14,223.23,318.08,234.60,317.99,248.81,331.62,255.86,355.85,245.93,354.84,233.39,353.00,218.63,347.97,206.26,343.69,198.70,339.45,208.10,323.78,223.31,328.71,241.71,335.49,239.43,337.36,221.10,328.94,204.60,326.05,227.06,262.01,199.53,170.96,228.97,178.58,222.63,193.97,195.61,187.46,331.80,209.72,302.74,199.90,299.71,217.13,326.34,225.74,
./P_64/1493237348836_18_-study-where_to_find_morel_mushrooms_instructions_frames/1491424517592.png,1491424517592,0.4359884262084961,0.1421121209859848,0.3745506703853607,0.452501505613327,0.4076388888888889,0.10111111111111111,148.66,178.05,131.46,220.61,123.66,264.07,122.55,309.77,131.17,350.55,146.61,386.51,167.42,415.93,198.41,430.83,237.21,436.99,278.89,426.74,317.92,406.04,350.71,374.70,371.89,332.40,386.33,290.56,387.74,242.11,350.98,207.07,333.04,192.11,303.67,181.50,278.91,177.89,163.70,160.24,184.18,150.82,216.90,156.82,239.86,166.85,190.40,179.73,216.55,170.95,233.77,192.02,210.37,192.76,216.94,181.96,333.62,221.12,316.35,199.70,288.06,207.74,309.78,222.03,316.65,210.96,255.70,186.49,213.61,245.25,200.16,264.23,205.99,280.12,223.09,284.68,249.46,293.32,264.24,282.00,260.65,258.66,239.46,225.59,212.54,271.25,242.97,279.44,186.04,328.46,197.25,315.53,210.82,311.32,220.69,318.03,232.28,318.08,246.99,330.23,257.56,351.20,245.88,350.58,231.82,349.13,216.09,344.48,202.91,339.72,194.29,334.37,204.59,321.30,220.66,326.62,240.19,333.08,237.62,336.33,218.33,329.00,201.61,325.00,226.05,262.18,202.01,171.32,229.31,178.44,223.23,193.59,198.04,187.27,328.36,207.74,300.98,198.78,297.97,215.54,323.07,223.47,
./P_64/1493237348836_18_-study-where_to_find_morel_mushrooms_instructions_frames/1491424517693.png,1491424517693,0.44701677560806274,0.12487955391407013,0.4542030692100525,0.31123775243759155,0.48055555555555557,-0.0077777777777777776,154.13,181.79,135.29,222.02,126.60,263.23,125.37,305.39,132.38,345.36,145.96,382.19,164.89,413.05,194.35,428.02,231.55,434.60,273.08,425.13,312.65,405.27,346.68,375.69,369.56,335.39,383.60,293.98,384.89,245.88,348.88,201.40,331.62,187.34,304.56,177.51,281.56,174.22,175.24,156.02,191.87,148.75,219.99,153.99,240.75,162.99,193.61,179.87,217.42,170.53,233.46,191.67,211.36,191.96,216.89,181.60,329.62,218.68,312.70,197.50,286.78,206.94,306.71,219.61,312.32,208.95,255.79,187.47,213.90,245.20,199.60,263.29,205.21,279.30,223.14,286.01,250.24,292.90,265.13,281.81,260.25,258.30,239.53,226.74,211.54,272.29,243.09,280.36,182.66,323.92,194.65,314.38,208.38,311.93,218.44,318.33,230.51,318.59,245.72,329.32,258.71,347.29,245.54,347.10,230.05,345.73,213.78,341.49,200.19,336.37,190.74,330.25,201.25,320.07,218.18,325.74,238.79,331.89,236.52,334.86,216.22,328.61,199.28,323.53,225.75,263.50,204.04,171.21,229.14,178.05,223.18,192.89,200.27,186.65,324.41,205.40,298.43,197.58,295.78,213.79,319.25,220.81,
./P_64/1493237348836_18_-study-where_to_find_morel_mushrooms_instructions_frames/1491424517794.png,1491424517794,0.41729116439819336,0.07090535759925842,0.4256700873374939,0.24976849555969238,0.2923611111111111,0.47555555555555556,158.44,184.31,138.34,222.78,128.81,262.28,127.22,301.64,132.70,340.79,144.61,378.16,162.15,409.92,190.65,425.30,226.94,432.26,268.50,423.74,308.10,404.73,342.62,376.89,366.73,338.64,380.89,297.75,382.94,249.99,348.31,197.37,331.42,184.45,306.60,175.45,285.32,172.34,185.19,151.82,199.05,146.92,223.24,151.84,242.00,160.14,196.63,179.35,218.67,170.01,233.64,191.19,212.68,190.62,217.37,180.80,327.39,217.42,310.91,196.62,286.74,206.84,305.40,218.07,310.10,207.94,256.57,189.17,214.68,245.36,199.81,262.46,205.13,278.40,223.43,287.37,250.84,292.61,265.81,281.99,260.25,258.58,240.20,228.41,211.07,273.21,243.49,281.58,179.51,318.93,192.31,311.91,206.48,311.30,216.69,317.50,229.14,318.11,244.85,327.71,259.44,343.70,244.91,344.40,228.15,343.37,211.29,339.43,197.25,333.69,187.17,326.38,197.81,319.11,215.56,325.57,237.14,331.41,235.71,332.46,214.61,326.87,197.29,320.64,225.98,265.19,206.20,170.76,229.48,177.63,223.53,191.81,202.64,185.47,322.31,204.39,297.53,197.40,295.22,212.85,317.21,219.20,
./P_64/1493237348836_18_-study-where_to_find_morel_mushrooms_instructions_frames/1491424517902.png,1491424517902,0.2864443063735962,0.2244453728199005,0.3454793095588684,0.48566389083862305,0.3763888888888889,0.6011111111111112,161.18,185.29,139.86,222.88,129.72,261.42,127.80,299.17,132.15,337.35,142.74,374.43,159.33,406.09,186.87,422.02,222.93,429.55,265.07,422.27,304.85,404.09,339.43,377.63,364.36,341.61,379.13,301.68,382.71,254.74,349.25,196.26,332.56,184.66,309.82,176.35,290.19,173.19,194.82,147.89,206.43,146.04,226.67,150.94,243.35,158.79,199.56,178.37,220.07,169.60,234.27,190.70,214.05,189.06,217.87,179.69,326.67,217.82,310.50,197.48,287.82,207.78,305.39,217.81,309.20,208.21,258.02,191.66,215.65,245.16,200.39,261.42,205.35,277.23,223.58,288.39,251.25,292.49,266.35,282.38,260.66,259.14,241.22,230.32,210.80,273.55,243.87,282.66,177.67,315.11,190.78,309.79,205.11,310.78,215.33,316.96,228.09,318.03,244.26,327.04,259.67,341.86,244.18,343.54,226.35,342.68,209.13,338.75,195.02,332.34,184.75,323.88,195.31,319.09,213.39,326.47,235.59,332.26,235.11,330.72,213.49,325.28,196.13,318.02,226.23,266.61,208.36,170.16,230.14,177.37,224.17,190.56,205.03,183.98,321.61,205.13,297.84,198.62,295.90,213.08,316.59,219.04,
./P_64/1493237348836_18_-study-where_to_find_morel_mushrooms_instructions_frames/1491424518000.png,1491424518000,0.16172128915786743,0.42281073331832886,0.23722904920578003,0.5376527309417725,0.5756944444444444,0.56,162.32,185.48,140.14,222.23,129.77,259.98,127.78,296.95,131.50,334.54,141.41,371.33,157.64,402.65,184.26,418.83,220.14,426.90,263.12,420.63,303.28,403.11,337.79,377.57,363.25,343.68,378.68,305.14,383.62,259.38,350.94,196.32,334.35,185.54,312.86,177.84,294.22,174.75,202.36,144.80,212.69,145.29,230.18,150.54,245.38,158.46,201.52,177.84,221.06,169.92,234.99,190.60,214.99,188.37,218.34,179.34,327.35,219.61,311.35,199.79,289.59,209.42,306.44,219.09,309.59,209.82,259.85,193.45,216.70,244.37,200.99,260.05,205.67,275.86,224.04,288.29,251.98,292.31,267.29,282.57,261.62,259.34,242.67,231.07,211.15,272.77,244.57,282.67,177.21,313.84,190.13,308.80,204.52,310.29,214.52,316.56,227.34,317.92,243.41,327.22,258.49,341.88,242.65,344.31,224.37,343.62,207.27,339.59,193.53,332.83,183.57,323.56,194.13,319.83,211.79,327.71,233.79,333.49,234.09,330.33,212.70,324.61,195.69,317.01,227.06,266.40,209.80,170.17,230.76,177.70,224.78,190.05,206.65,183.26,322.27,207.33,299.11,200.84,297.37,214.51,317.30,220.44,
./P_64/1493237348836_18_-study-where_to_find_morel_mushrooms_instructions_frames/1491424518095.png,1491424518095,0.15254363417625427,0.4145720303058624,0.20261746644973755,0.5198899507522583,0.2611111111111111,0.45,162.97,184.30,140.14,220.02,129.21,257.34,126.97,294.58,130.41,332.53,140.02,369.76,155.99,401.37,182.18,417.68,218.06,425.97,261.67,419.56,302.03,402.11,336.42,377.16,362.19,344.88,378.18,307.40,384.27,262.55,353.31,197.66,336.66,186.75,314.89,179.53,296.23,176.79,206.80,142.86,217.22,144.78,233.77,151.18,248.34,159.91,202.41,177.64,221.86,170.33,235.81,191.12,215.51,188.62,218.86,179.55,328.79,221.98,312.87,202.19,291.08,211.30,307.76,221.35,310.58,211.92,261.75,194.64,217.52,244.23,201.30,259.46,205.77,275.30,224.48,288.36,252.45,292.76,267.96,283.34,262.35,260.11,244.18,231.70,211.50,272.43,245.12,283.07,176.63,313.35,189.65,307.83,204.34,309.32,214.05,315.68,226.74,317.18,242.49,327.10,256.84,342.25,240.79,345.56,222.38,345.46,205.23,341.39,191.65,334.28,182.22,324.08,193.04,320.67,210.27,328.95,231.89,334.58,232.93,330.35,211.95,324.22,195.16,316.53,227.99,266.40,210.62,170.28,231.56,178.24,225.37,190.42,207.37,183.29,323.77,209.79,300.61,202.98,298.74,216.60,318.64,222.81,
./P_64/1493237348836_18_-study-where_to_find_morel_mushrooms_instructions_frames/1491424519041.png,1491424519041,0.1937033087015152,0.3716545104980469,0.19562914967536926,0.19746997952461243,0.43819444444444444,0.4222222222222222,160.17,176.75,135.18,214.24,124.80,254.24,123.19,293.26,127.64,331.39,136.97,367.65,150.64,398.09,173.07,414.60,201.83,422.60,238.24,418.37,275.83,403.65,312.54,381.23,344.47,348.17,366.15,309.83,375.25,264.16,352.67,205.30,338.40,191.49,316.29,183.70,295.93,181.50,203.20,142.26,216.85,140.98,236.09,150.09,251.31,162.45,201.01,177.62,222.20,171.81,235.92,194.04,214.32,191.46,218.78,181.95,325.55,229.50,310.97,208.94,287.24,216.12,303.94,229.21,307.07,219.06,263.69,196.19,219.07,246.54,203.48,261.12,207.20,276.87,225.59,288.13,248.28,294.48,263.27,286.25,261.17,263.66,247.35,232.41,215.44,272.48,244.06,283.59,175.53,318.41,188.50,309.50,203.65,308.66,212.37,315.28,223.98,316.98,234.85,329.16,240.64,345.99,226.37,351.09,211.33,353.16,197.25,349.48,185.35,342.00,178.77,330.59,189.57,325.58,203.95,334.13,221.23,339.00,224.96,332.34,208.69,324.89,192.89,318.95,232.33,266.40,210.40,170.95,232.31,180.34,225.05,193.83,205.36,184.99,321.49,217.27,298.11,208.46,294.55,223.04,315.40,231.38,
./P_64/1493237348836_18_-study-where_to_find_morel_mushrooms_instructions_frames/1491424520674.png,1491424520674,0.13401579856872559,0.4189811944961548,0.18979206681251526,0.3006224036216736,0.40902777777777777,0.47444444444444445,242.44,182.94,237.65,222.44,243.41,261.20,255.53,299.09,275.70,329.42,302.73,352.09,332.99,368.20,363.55,373.26,393.85,367.79,423.11,350.30,448.02,325.71,465.61,293.66,475.48,255.43,479.59,217.22,473.63,179.60,445.44,155.57,429.33,146.43,404.45,145.91,383.73,150.01,269.41,155.64,286.12,145.60,311.94,144.98,332.93,149.35,286.46,185.87,306.87,177.76,328.74,185.48,307.00,191.25,307.51,184.07,431.35,186.51,411.23,178.47,389.22,185.97,411.03,191.78,410.52,184.69,359.21,176.13,336.19,227.36,326.56,244.10,335.87,255.49,360.83,259.95,385.33,255.42,394.47,243.67,384.83,227.18,360.16,209.13,344.88,249.73,377.15,250.00,317.71,293.37,334.05,284.85,350.37,281.33,361.67,283.94,372.91,281.40,389.02,284.91,404.71,293.51,393.76,305.64,379.93,313.51,362.18,315.72,344.02,313.26,329.84,305.54,340.59,297.25,361.91,299.71,382.71,297.56,382.40,291.96,361.77,292.15,340.43,291.95,361.07,240.05,295.38,180.28,319.13,179.61,318.42,189.33,295.90,189.68,422.51,181.02,399.05,180.11,399.71,189.80,422.09,190.28,
./P_64/1493237348836_18_-study-where_to_find_morel_mushrooms_instructions_frames/1491424520767.png,1491424520767,0.1390765905380249,0.3852559030056,0.19119380414485931,0.2822619080543518,0.16319444444444445,0.2644444444444444,240.81,184.50,235.83,223.73,241.65,262.09,253.78,299.00,274.06,329.07,301.64,351.32,332.82,366.54,363.17,371.04,392.97,366.07,422.90,349.81,448.41,325.91,466.46,294.26,476.56,256.45,480.63,218.27,474.26,180.60,444.14,153.45,428.19,145.16,404.31,145.23,384.18,149.82,269.59,154.43,285.83,145.21,310.54,144.97,330.98,149.57,286.16,186.14,306.34,177.60,328.16,185.72,306.54,191.58,307.05,184.18,430.27,185.93,410.17,177.67,388.39,185.80,410.09,191.50,409.42,184.19,358.55,176.67,335.74,227.35,326.50,243.95,335.89,255.42,360.59,259.60,384.67,255.10,393.79,243.27,384.41,226.90,359.67,209.13,344.99,249.59,376.37,249.65,317.88,293.61,333.93,284.85,350.11,281.07,361.31,283.63,372.42,280.98,388.35,284.60,403.76,293.30,392.52,304.17,378.84,311.05,361.78,313.07,344.27,311.00,330.18,304.37,340.42,295.36,361.47,297.12,382.02,295.41,381.81,291.60,361.42,291.76,340.33,291.85,360.74,239.48,294.85,180.25,318.62,179.55,317.89,189.64,295.48,190.01,421.57,180.24,398.00,179.58,398.80,189.59,421.10,189.88,
./P_64/1493237348836_18_-study-where_to_find_morel_mushrooms_instructions_frames/1491424520957.png,1491424520957,0.14261232316493988,0.3666715919971466,0.19950272142887115,0.3175683915615082,0.6069444444444444,0.30333333333333334,239.29,188.34,234.50,227.01,239.89,263.83,251.04,298.31,270.24,327.42,297.69,349.39,330.02,364.37,361.15,368.99,391.46,364.56,422.63,349.48,448.63,326.10,466.56,294.98,476.37,258.28,479.90,221.12,473.52,184.20,441.15,151.45,425.62,144.33,402.94,144.77,383.76,149.60,269.75,152.66,285.20,144.39,308.82,144.47,328.31,149.28,285.66,185.47,305.19,176.07,326.45,185.31,305.45,191.18,305.90,183.19,427.82,185.29,408.12,176.16,387.11,185.42,408.12,191.08,407.37,183.22,357.19,177.15,335.19,226.80,325.59,243.39,335.22,255.16,359.63,259.11,383.26,254.85,392.57,242.79,382.82,226.27,358.48,209.11,344.32,249.20,375.11,249.24,317.67,293.43,333.79,284.95,349.67,281.24,360.29,283.85,370.86,281.17,386.37,284.76,401.55,293.28,390.32,302.73,376.69,308.55,360.55,310.27,343.81,308.38,329.81,302.75,339.87,293.30,360.24,294.62,380.11,293.45,379.94,291.71,360.33,291.86,339.98,291.99,359.79,238.87,293.81,178.93,317.36,178.46,316.48,189.21,294.65,189.45,419.54,178.94,396.14,178.56,397.15,189.12,418.87,189.34,
./P_64/1493237348836_18_-study-where_to_find_morel_mushrooms_instructions_frames/1491424521630.png,1491424521630,0.11578741669654846,0.4432050585746765,0.14369794726371765,0.3472084701061249,0.41458333333333336,0.3388888888888889,239.37,190.96,234.59,230.23,239.72,266.69,249.62,300.11,267.15,328.73,293.66,350.15,326.02,364.43,357.87,369.48,388.47,365.71,419.88,353.70,446.44,332.94,465.25,303.53,475.96,266.80,480.49,229.09,474.82,190.13,441.95,152.58,425.76,144.86,402.88,144.42,383.74,148.75,270.61,153.41,285.99,144.87,309.54,144.23,328.84,148.44,285.73,185.53,305.13,175.91,326.27,185.19,305.40,190.83,305.68,182.92,427.77,185.67,408.11,176.09,387.11,185.29,407.97,190.96,407.58,183.12,357.02,176.27,334.98,226.14,325.07,242.82,334.75,254.65,358.68,257.93,381.95,254.57,391.53,242.84,381.65,225.84,357.90,207.83,343.74,248.08,373.73,248.08,315.59,293.06,332.01,283.97,348.13,280.17,358.66,282.78,369.17,280.12,384.83,283.93,400.29,293.29,388.38,302.38,374.54,307.71,358.43,309.26,341.75,307.49,327.64,302.12,337.97,292.80,358.32,293.97,378.36,293.03,378.29,290.69,358.55,290.52,338.31,290.89,358.87,237.15,293.90,178.86,317.18,178.32,316.26,188.92,294.65,189.24,419.53,179.09,396.17,178.52,397.10,188.89,418.66,189.44,
./P_64/1493237348836_18_-study-where_to_find_morel_mushrooms_instructions_frames/1491424521727.png,1491424521727,0.183466374874115,0.4444432258605957,0.2304798811674118,0.39553821086883545,0.18055555555555555,0.39,239.15,191.40,234.48,230.72,239.65,267.13,249.60,300.42,267.12,328.90,293.63,350.24,326.02,364.46,357.98,369.57,388.61,365.65,419.77,353.64,446.02,332.96,464.58,303.80,475.21,267.31,479.77,229.74,474.32,190.71,441.70,152.56,425.51,144.76,402.61,144.26,383.51,148.55,270.48,153.04,285.82,144.65,309.22,144.02,328.43,148.23,285.34,185.47,304.64,175.88,325.73,185.20,304.88,190.74,305.05,182.85,427.42,185.66,407.76,176.11,386.87,185.30,407.61,190.90,407.16,183.09,356.74,176.40,334.85,226.28,324.80,242.97,334.50,254.76,358.51,258.19,381.77,254.67,391.37,242.95,381.37,225.97,357.71,208.05,343.46,248.29,373.63,248.30,315.31,292.87,331.87,283.94,348.02,280.30,358.55,282.87,369.03,280.23,384.75,283.87,400.35,293.05,388.50,302.44,374.57,307.99,358.39,309.62,341.62,307.77,327.42,302.21,337.87,293.15,358.28,294.45,378.35,293.38,378.21,290.61,358.47,290.54,338.20,290.82,358.71,237.47,293.45,178.82,316.63,178.34,315.69,188.85,294.22,189.14,419.16,179.11,395.89,178.56,396.82,188.85,418.29,189.38,
./P_64/1493237348836_18_-study-where_to_find_morel_mushrooms_instructions_frames/1491424522023.png,1491424522023,0.1598406285047531,0.4914935827255249,0.19889074563980103,0.4127117395401001,0.12291666666666666,0.46,239.13,192.43,234.94,231.80,240.30,267.82,250.14,300.55,267.42,328.55,293.62,349.59,325.70,363.80,357.74,369.04,388.42,365.15,419.35,353.18,445.25,332.56,463.50,303.49,473.94,267.21,478.48,229.97,473.38,191.25,441.26,152.93,425.05,144.97,402.13,144.44,382.96,148.71,269.60,153.37,284.99,144.61,308.61,143.95,327.95,148.21,284.58,185.50,303.92,175.75,325.12,185.29,304.19,190.80,304.40,182.84,427.17,185.92,407.47,176.20,386.51,185.56,407.33,191.15,406.83,183.28,356.35,176.43,334.65,226.46,324.54,243.13,334.23,254.92,358.39,258.23,381.67,254.87,391.25,243.14,381.20,226.16,357.48,208.06,343.22,248.17,373.68,248.24,314.91,293.20,331.51,284.14,347.81,280.44,358.37,283.01,368.92,280.41,384.66,284.16,400.09,293.52,388.29,302.81,374.35,308.27,358.14,309.84,341.25,307.96,327.00,302.45,337.51,293.40,358.02,294.70,378.09,293.72,378.01,290.89,358.28,290.77,337.86,291.06,358.65,237.51,292.68,178.74,316.02,178.29,315.05,188.92,293.47,189.19,418.92,179.26,395.53,178.70,396.50,189.07,418.04,189.65,
./P_64/1493237348836_18_-study-where_to_find_morel_mushrooms_instructions_frames/1491424522116.png,1491424522116,0.1479860246181488,0.530947208404541,0.16104574501514435,0.38738879561424255,0.26319444444444445,0.37555555555555553,239.75,192.58,235.52,231.69,240.82,267.59,250.53,300.22,267.70,328.31,293.86,349.48,325.89,363.81,357.84,368.98,388.37,365.13,419.34,353.15,445.33,332.49,463.67,303.34,474.14,266.94,478.57,229.64,473.31,191.03,441.43,152.77,425.29,144.64,402.35,144.10,383.14,148.44,269.72,153.80,284.96,144.72,308.68,143.90,328.10,148.10,284.87,186.02,304.16,176.25,325.38,185.62,304.52,191.26,304.76,183.35,427.25,186.07,407.58,176.41,386.64,185.72,407.48,191.35,406.98,183.52,356.52,176.57,334.88,226.54,324.86,243.17,334.54,254.96,358.69,258.16,381.89,254.82,391.44,243.09,381.39,226.14,357.69,208.06,343.57,248.18,373.85,248.16,315.17,293.31,331.74,284.25,347.98,280.48,358.49,283.01,368.99,280.40,384.57,284.17,399.93,293.45,388.11,302.60,374.28,307.98,358.17,309.59,341.35,307.78,327.16,302.38,337.61,293.19,358.03,294.40,377.99,293.40,378.00,290.95,358.37,290.84,338.04,291.22,358.92,237.39,292.96,179.26,316.24,178.69,315.35,189.34,293.77,189.69,419.02,179.44,395.67,178.91,396.62,189.27,418.17,189.84,
./P_64/1493237348836_18_-study-where_to_find_morel_mushrooms_instructions_frames/1491424522216.png,1491424522216,0.1511535495519638,0.5143844485282898,0.19665423035621643,0.3611821234226227,0.16180555555555556,0.5255555555555556,240.67,192.38,236.47,231.48,241.73,267.33,251.28,299.89,268.23,327.96,294.14,349.27,325.96,363.83,357.93,369.19,388.63,365.36,419.72,353.23,445.64,332.33,463.88,302.98,474.25,266.49,478.62,229.24,473.46,190.86,441.71,153.03,425.57,144.95,402.68,144.39,383.52,148.65,270.14,153.65,285.31,144.61,309.01,143.86,328.37,148.10,285.25,185.78,304.46,176.04,325.68,185.47,304.82,191.06,305.06,183.15,427.49,186.21,407.84,176.51,386.94,185.80,407.74,191.45,407.22,183.62,356.85,176.69,335.28,226.45,325.32,243.02,334.93,254.81,358.99,258.08,382.10,254.80,391.65,243.09,381.67,226.13,358.00,208.09,343.90,248.03,374.16,248.09,315.62,293.31,332.04,284.19,348.24,280.42,358.69,282.96,369.18,280.40,384.68,284.27,399.86,293.69,388.13,302.85,374.35,308.22,358.29,309.79,341.51,307.91,327.43,302.44,337.84,293.33,358.17,294.66,378.03,293.67,378.08,290.95,358.56,290.76,338.31,291.11,359.22,237.37,293.28,179.03,316.54,178.52,315.65,189.17,294.10,189.45,419.28,179.56,395.94,179.01,396.90,189.35,418.41,189.96,
./P_64/1493237348836_18_-study-where_to_find_morel_mushrooms_instructions_frames/1491424523612.png,1491424523612,0.1533145308494568,0.5545395016670227,0.20271457731723785,0.4271891713142395,0.25277777777777777,0.31555555555555553,240.33,191.20,235.69,229.21,240.63,265.08,250.36,298.14,267.69,326.67,294.66,348.10,327.86,362.13,359.77,366.93,390.02,363.11,421.25,350.96,447.32,330.09,465.14,300.99,475.26,265.10,479.62,228.23,474.02,190.58,442.70,151.47,426.89,143.62,404.22,143.31,385.24,147.71,271.19,152.46,286.85,143.55,310.59,143.08,329.87,147.42,286.03,187.54,305.46,179.24,326.56,186.69,305.74,192.42,306.22,185.39,429.83,187.80,410.66,179.50,389.35,186.74,410.28,192.62,409.90,185.66,358.38,177.46,336.28,225.63,326.04,241.89,335.73,253.51,360.16,257.09,383.70,253.38,393.18,241.87,383.20,225.35,359.47,207.76,345.20,247.17,375.31,247.27,317.10,290.67,334.10,282.09,350.10,278.40,360.37,280.89,370.48,278.37,385.86,282.02,401.48,290.90,389.68,300.08,376.09,305.46,360.21,307.16,343.65,305.25,329.47,299.86,340.01,290.39,360.06,291.75,379.59,290.65,379.47,289.17,360.22,288.96,340.25,289.35,360.62,236.11,294.43,181.87,317.17,181.13,316.51,190.49,295.14,190.98,421.67,182.22,398.98,181.31,399.50,190.49,420.74,191.24,
./P_64/1493237348836_18_-study-where_to_find_morel_mushrooms_instructions_frames/1491424523705.png,1491424523705,0.14945164322853088,0.4651920795440674,0.20549386739730835,0.3777797222137451,0.10347222222222222,0.26666666666666666,240.54,191.27,236.34,229.59,241.37,265.22,250.90,297.99,268.04,326.25,294.59,347.51,327.27,361.71,359.47,366.79,390.21,362.89,421.41,350.58,447.38,329.67,465.14,300.47,475.15,264.67,479.50,228.01,474.42,190.36,443.27,152.06,427.38,144.32,404.44,144.29,385.37,148.90,270.91,152.72,286.55,143.92,310.54,143.77,329.89,148.42,285.79,186.33,305.30,177.33,326.52,185.78,305.59,191.52,306.05,183.95,430.04,186.85,410.63,177.82,389.36,186.03,410.33,191.93,409.85,184.44,358.45,176.90,336.36,224.88,326.03,241.35,335.73,253.18,360.26,256.61,383.85,253.16,393.41,241.44,383.28,224.66,359.54,207.31,345.07,246.54,375.64,246.69,317.18,291.08,334.05,282.46,350.06,278.74,360.29,281.28,370.44,278.75,385.77,282.53,401.22,291.48,389.50,300.22,375.87,305.27,360.02,306.80,343.47,304.97,329.34,299.85,339.86,290.31,359.88,291.53,379.38,290.66,379.36,289.61,360.14,289.44,340.16,289.71,360.69,235.78,294.07,180.11,317.28,179.53,316.48,189.54,294.86,189.94,421.90,180.71,398.73,179.95,399.45,189.74,420.94,190.46,
./P_64/1493237348836_18_-study-where_to_find_morel_mushrooms_instructions_frames/1491424523810.png,1491424523810,0.12285162508487701,0.48353826999664307,0.19294697046279907,0.4018217921257019,0.225,0.21888888888888888,241.23,191.26,237.12,229.73,242.15,265.28,251.53,297.86,268.51,325.95,294.80,347.20,327.22,361.54,359.47,366.72,390.33,362.83,421.56,350.48,447.44,329.52,465.21,300.32,475.18,264.47,479.47,227.81,474.53,190.11,443.81,151.94,427.78,143.92,404.68,143.70,385.46,148.23,270.90,152.51,286.53,143.47,310.65,143.10,330.14,147.68,286.07,185.41,305.52,176.15,326.80,184.92,305.86,190.57,306.23,182.89,429.96,185.97,410.46,176.70,389.26,185.25,410.21,191.02,409.71,183.42,358.63,176.18,336.72,224.75,326.53,241.18,336.20,252.97,360.56,256.38,383.89,252.98,393.43,241.29,383.41,224.53,359.76,206.93,345.39,246.35,375.86,246.50,317.19,290.75,333.95,281.80,350.11,278.10,360.37,280.65,370.59,278.11,385.99,281.91,401.28,291.18,389.58,300.11,375.92,305.30,360.00,306.87,343.34,304.99,329.22,299.70,339.72,290.29,359.87,291.59,379.47,290.64,379.51,288.89,360.20,288.70,340.11,289.00,360.96,235.68,294.29,179.01,317.56,178.43,316.73,188.63,295.12,189.01,421.79,179.65,398.53,178.93,399.34,188.87,420.85,189.58,
./P_64/1493237348836_18_-study-where_to_find_morel_mushrooms_instructions_frames/1491424523908.png,1491424523908,0.19646966457366943,0.5467105507850647,0.20876605808734894,0.40716925263404846,0.08472222222222223,0.4166666666666667,241.77,190.98,237.58,229.62,242.58,265.21,251.86,297.82,268.78,325.90,294.95,347.09,327.27,361.39,359.48,366.60,390.41,362.84,421.73,350.54,447.59,329.53,465.33,300.18,475.22,264.24,479.46,227.58,474.53,189.92,443.86,152.51,427.81,144.37,404.77,143.85,385.54,148.10,271.34,152.66,286.98,143.54,311.02,142.97,330.50,147.37,286.66,184.77,306.08,175.34,327.38,184.36,306.41,189.93,306.72,182.19,429.72,185.67,410.20,176.16,389.04,184.89,409.95,190.63,409.46,182.99,358.85,175.69,336.98,224.58,327.05,240.98,336.62,252.72,360.73,255.94,383.81,252.83,393.31,241.21,383.57,224.44,359.97,206.49,345.74,245.90,375.89,246.13,317.43,290.96,333.90,281.53,350.15,277.69,360.52,280.28,370.89,277.76,386.37,281.78,401.35,291.59,389.72,300.38,376.08,305.46,360.12,306.91,343.41,305.05,329.36,299.83,339.73,290.37,360.01,291.66,379.74,290.83,379.79,288.56,360.35,288.19,340.11,288.58,361.15,235.25,294.83,178.24,318.18,177.69,317.29,188.04,295.66,188.37,421.56,179.18,398.24,178.42,399.09,188.49,420.62,189.25,
./P_64/1493237348836_18_-study-where_to_find_morel_mushrooms_instructions_frames/1491424524005.png,1491424524005,0.19328993558883667,0.5439635515213013,0.2118259072303772,0.39498692750930786,0.2076388888888889,0.5722222222222222,241.72,190.67,237.27,229.42,242.17,265.12,251.57,297.82,268.73,325.99,295.06,347.22,327.48,361.50,359.57,366.61,390.32,362.90,421.58,350.62,447.52,329.61,465.44,300.26,475.43,264.33,479.60,227.58,474.42,189.76,443.73,152.14,427.79,143.85,404.79,143.13,385.51,147.33,271.58,152.27,287.13,143.06,311.08,142.31,330.58,146.64,287.14,184.03,306.53,174.41,327.73,183.65,306.85,189.15,307.11,181.38,429.29,184.88,409.80,175.18,388.73,184.13,409.53,189.81,409.07,182.12,358.87,174.93,337.02,224.09,327.14,240.51,336.71,252.26,360.72,255.45,383.72,252.35,393.21,240.71,383.53,223.94,359.98,205.88,345.85,245.49,375.78,245.71,317.37,290.50,333.82,280.96,350.13,277.11,360.60,279.72,371.06,277.17,386.65,281.17,401.63,291.08,390.01,299.96,376.31,305.11,360.26,306.56,343.48,304.72,329.36,299.43,339.70,290.07,360.15,291.34,380.06,290.51,380.05,287.89,360.45,287.53,340.06,287.93,361.15,234.73,295.29,177.37,318.61,176.83,317.70,187.29,296.11,187.62,421.15,178.27,397.86,177.50,398.72,187.70,420.20,188.44,
./P_64/1493237348836_18_-study-where_to_find_morel_mushrooms_instructions_frames/1491424524101.png,1491424524101,0.11896315217018127,0.46768051385879517,0.17703290283679962,0.4588533937931061,0.13819444444444445,0.2644444444444444,241.24,190.32,236.49,229.21,241.38,264.98,251.17,297.78,268.78,325.99,295.49,347.18,327.91,361.47,359.76,366.60,390.25,362.93,421.35,350.62,447.36,329.58,465.43,300.20,475.62,264.29,479.82,227.65,474.44,189.85,442.87,152.41,427.25,144.32,404.45,143.51,385.29,147.61,271.95,151.79,287.28,142.89,311.06,142.25,330.43,146.66,287.30,183.44,306.65,173.97,327.56,183.20,306.86,188.61,307.12,180.88,428.79,184.89,409.40,175.21,388.53,183.94,409.09,189.70,408.66,182.07,358.73,174.63,336.82,223.33,326.63,239.91,336.23,251.80,360.53,255.21,383.83,252.03,393.40,240.24,383.52,223.31,359.86,205.59,345.58,245.16,375.79,245.52,317.26,290.10,333.91,281.21,350.10,277.57,360.57,280.26,371.04,277.70,386.54,281.59,401.67,290.96,390.08,299.79,376.28,304.90,360.29,306.24,343.56,304.34,329.37,299.05,339.77,289.83,360.20,291.16,380.05,290.46,379.95,288.30,360.44,288.05,340.07,288.21,361.03,234.45,295.45,176.85,318.59,176.44,317.64,186.79,296.23,187.01,420.67,178.30,397.59,177.43,398.39,187.54,419.70,188.35,
./P_64/1493237348836_18_-study-where_to_find_morel_mushrooms_instructions_frames/1491424524201.png,1491424524201,0.1128549799323082,0.49854034185409546,0.16809144616127014,0.4021952152252197,0.11597222222222223,0.35333333333333333,241.09,190.23,236.20,228.87,240.97,264.64,250.74,297.51,268.43,326.07,295.32,347.51,328.05,361.84,359.94,366.73,390.35,363.06,421.37,350.70,447.29,329.62,465.32,300.24,475.43,264.44,479.58,227.80,474.05,189.90,442.38,152.13,426.66,144.19,403.99,143.59,384.92,147.80,272.17,151.73,287.54,143.13,311.04,142.66,330.29,147.06,287.22,183.56,306.57,173.94,327.53,183.29,306.75,188.73,307.03,180.95,428.42,184.65,409.01,174.88,388.08,183.81,408.71,189.54,408.21,181.87,358.47,174.61,336.54,223.32,326.55,239.88,336.13,251.73,360.32,254.91,383.53,251.84,393.02,240.06,383.33,223.20,359.64,205.36,345.44,244.92,375.44,245.18,317.31,290.55,333.64,281.16,349.86,277.23,360.44,279.87,370.96,277.28,386.54,281.36,401.47,291.15,389.91,299.69,376.19,304.61,360.24,305.92,343.59,304.17,329.45,299.16,339.70,289.71,360.14,290.85,380.04,290.21,379.93,288.07,360.34,287.74,339.93,288.08,360.79,234.04,295.32,176.86,318.57,176.42,317.58,186.89,296.11,187.15,420.33,177.98,397.12,177.16,397.96,187.42,419.35,188.17,
./P_64/1493237348836_18_-study-where_to_find_morel_mushrooms_instructions_frames/1491424524398.png,1491424524398,0.12353362143039703,0.5413563251495361,0.18795078992843628,0.36780351400375366,0.18125,0.4122222222222222,241.64,189.95,236.95,228.34,241.75,264.06,251.44,296.83,268.84,325.54,295.45,347.25,328.07,361.85,360.02,366.83,390.52,363.06,421.51,350.74,447.29,329.75,465.26,300.51,475.35,264.64,479.57,227.92,474.11,189.82,441.69,151.98,425.70,144.35,403.21,143.93,384.32,148.15,272.31,151.65,287.49,143.53,310.54,143.22,329.52,147.55,287.01,183.75,306.18,174.21,327.09,183.57,306.33,188.91,306.62,181.17,427.98,184.62,408.54,174.97,387.68,183.94,408.28,189.58,407.79,181.93,357.82,175.10,336.02,223.76,326.18,240.27,335.68,252.01,359.63,255.30,382.87,252.07,392.34,240.35,382.67,223.56,358.86,205.86,344.73,245.31,374.78,245.47,317.24,290.90,333.21,281.46,349.32,277.51,359.91,280.09,370.44,277.51,386.17,281.54,401.19,291.37,389.67,300.16,375.88,305.27,359.87,306.66,343.24,304.86,329.23,299.72,339.43,290.48,359.78,291.69,379.72,290.93,379.53,288.14,359.89,287.85,339.58,288.20,359.90,234.56,295.00,177.08,318.16,176.72,317.12,187.11,295.78,187.33,419.87,178.01,396.67,177.28,397.56,187.50,418.89,188.17,
./P_64/1493237348836_18_-study-where_to_find_morel_mushrooms_instructions_frames/1491424524491.png,1491424524491,0.11399094760417938,0.5251892805099487,0.14370481669902802,0.3990495800971985,0.16041666666666668,0.38,242.10,190.03,237.50,228.37,242.31,264.03,251.96,296.67,269.23,325.28,295.68,347.05,328.12,361.79,360.03,366.84,390.60,363.08,421.69,350.74,447.47,329.68,465.44,300.46,475.51,264.58,479.72,227.89,474.32,189.84,441.65,151.97,425.60,144.50,403.21,144.08,384.37,148.25,272.28,151.54,287.37,143.56,310.32,143.28,329.24,147.58,287.01,183.67,306.11,174.25,326.99,183.59,306.26,188.81,306.57,181.12,427.99,184.68,408.54,175.12,387.73,184.05,408.31,189.59,407.85,181.99,357.72,175.46,335.95,224.24,326.15,240.68,335.61,252.40,359.49,255.94,382.77,252.50,392.26,240.80,382.59,224.06,358.71,206.45,344.53,245.93,374.76,246.09,317.11,290.83,333.09,281.60,349.17,277.85,359.76,280.42,370.30,277.86,386.05,281.73,401.18,291.39,389.58,300.19,375.71,305.32,359.70,306.73,343.09,304.87,329.08,299.68,339.27,290.57,359.61,291.88,379.58,291.07,379.39,288.29,359.74,288.09,339.45,288.31,359.71,235.37,294.97,177.08,318.05,176.77,316.99,187.06,295.76,187.21,419.86,178.14,396.72,177.43,397.64,187.54,418.89,188.20,
./P_64/1493237348836_18_-study-where_to_find_morel_mushrooms_instructions_frames/1491424524721.png,1491424524721,0.16452163457870483,0.6640452146530151,0.14560875296592712,0.40760481357574463,0.2520833333333333,0.5744444444444444,242.87,190.44,238.45,228.76,243.33,264.41,252.85,297.02,269.90,325.56,296.06,347.25,328.21,361.90,360.10,366.94,390.87,363.11,422.24,350.74,448.24,329.67,466.33,300.34,476.38,264.32,480.50,227.46,475.03,189.36,442.34,151.66,426.12,144.15,403.58,143.90,384.68,148.23,272.24,152.21,287.34,143.93,310.49,143.55,329.52,147.83,287.24,184.24,306.36,174.72,327.39,183.93,306.63,189.27,307.00,181.60,428.64,184.60,409.08,175.09,388.19,184.14,408.94,189.61,408.52,182.00,357.96,175.61,336.16,224.29,326.50,240.69,335.96,252.34,359.75,255.78,383.07,252.31,392.52,240.64,382.79,223.97,358.84,206.42,344.78,245.87,374.92,245.88,317.16,290.70,333.10,281.28,349.26,277.46,359.85,279.98,370.41,277.41,386.25,281.26,401.54,290.99,389.79,299.97,375.88,305.20,359.73,306.72,343.03,304.91,329.02,299.67,339.20,290.59,359.61,291.83,379.72,290.90,379.62,287.84,359.82,287.66,339.47,287.99,359.81,235.20,295.21,177.62,318.35,177.15,317.38,187.47,296.05,187.75,420.46,178.07,397.22,177.48,398.18,187.60,419.53,188.18,
./P_64/1493237348836_18_-study-where_to_find_morel_mushrooms_instructions_frames/1491424524826.png,1491424524826,0.12947726249694824,0.5461071729660034,0.21167418360710144,0.45275381207466125,0.30277777777777776,0.75,242.36,190.14,237.89,228.80,242.94,264.66,252.75,297.49,270.12,325.83,296.46,347.12,328.49,361.44,360.21,366.49,390.93,362.69,422.26,350.45,448.35,329.55,466.52,300.26,476.67,264.19,480.92,227.30,475.49,189.13,442.51,151.98,426.32,144.31,403.56,143.99,384.53,148.31,272.10,152.03,287.30,143.65,310.67,143.31,329.81,147.72,287.11,184.05,306.32,174.56,327.38,183.79,306.57,189.24,306.92,181.47,428.83,184.78,409.21,175.24,388.29,184.20,409.03,189.85,408.61,182.16,358.04,175.22,336.21,223.95,326.33,240.47,335.85,252.18,359.75,255.55,383.20,252.25,392.75,240.51,382.85,223.73,358.91,206.11,344.81,245.62,374.98,245.73,317.24,290.47,333.38,281.34,349.44,277.57,359.95,280.16,370.45,277.59,386.21,281.46,401.67,290.95,389.91,299.90,375.98,305.11,359.85,306.56,343.19,304.72,329.21,299.45,339.43,290.26,359.75,291.51,379.76,290.69,379.63,288.17,359.93,287.95,339.66,288.22,359.85,234.90,295.14,177.45,318.33,177.01,317.38,187.40,295.95,187.66,420.60,178.25,397.33,177.57,398.24,187.76,419.69,188.41,
./P_64/1493237348836_18_-study-where_to_find_morel_mushrooms_instructions_frames/1491424524925.png,1491424524925,0.17910566926002502,0.6073375940322876,0.22054481506347656,0.4239131808280945,0.19930555555555557,0.42777777777777776,242.96,190.22,238.44,228.82,243.44,264.65,253.15,297.47,270.45,325.85,296.66,347.21,328.57,361.56,360.19,366.53,390.98,362.80,422.42,350.48,448.53,329.44,466.64,300.07,476.68,264.08,480.86,227.27,475.48,189.21,442.83,152.23,426.48,144.42,403.59,144.08,384.49,148.39,272.30,151.94,287.44,143.67,310.67,143.36,329.79,147.77,287.08,183.94,306.19,174.43,327.38,183.65,306.46,189.05,306.73,181.33,428.76,184.68,409.02,175.13,388.13,184.09,408.85,189.66,408.33,182.02,357.98,175.19,336.10,223.98,326.45,240.45,335.90,252.10,359.65,255.43,383.02,252.18,392.53,240.47,382.80,223.76,358.80,206.02,344.74,245.51,374.81,245.60,317.47,290.51,333.31,281.04,349.33,277.18,359.85,279.75,370.42,277.18,386.26,281.17,401.61,290.96,389.83,299.68,375.90,304.72,359.81,306.10,343.25,304.31,329.40,299.22,339.45,289.92,359.73,291.11,379.78,290.34,379.64,287.83,359.88,287.56,339.64,287.88,359.65,234.80,295.03,177.33,318.25,176.86,317.31,187.23,295.87,187.50,420.46,178.14,397.13,177.44,398.07,187.60,419.56,188.26,
./P_64/1493237348836_18_-study-where_to_find_morel_mushrooms_instructions_frames/1491424525023.png,1491424525023,0.19580264389514923,0.61287522315979,0.1985168755054474,0.4426029920578003,0.31319444444444444,0.55,242.09,189.92,237.47,228.71,242.54,264.82,252.55,297.99,270.20,326.31,296.65,347.37,328.65,361.37,360.16,366.27,390.89,362.39,422.27,350.11,448.43,329.24,466.59,300.00,476.66,264.03,480.89,227.12,475.39,188.88,442.55,152.31,426.33,144.33,403.25,143.94,384.11,148.32,271.99,151.99,287.10,143.67,310.41,143.32,329.53,147.78,286.94,184.06,306.06,174.46,327.17,183.78,306.32,189.34,306.54,181.46,428.33,184.68,408.60,175.05,387.77,184.14,408.40,189.83,407.89,182.05,357.65,175.10,335.83,223.88,326.01,240.46,335.54,252.13,359.23,255.41,382.63,252.17,392.18,240.39,382.27,223.64,358.41,206.01,344.40,245.60,374.29,245.66,317.38,290.26,333.39,281.18,349.24,277.41,359.66,280.01,370.10,277.40,385.90,281.24,401.58,290.61,389.85,299.54,375.91,304.75,359.78,306.19,343.24,304.38,329.40,299.16,339.49,289.86,359.68,291.05,379.69,290.25,379.43,288.01,359.73,287.78,339.62,288.08,359.20,234.79,294.89,177.39,318.09,176.93,317.17,187.44,295.72,187.74,420.01,178.08,396.72,177.40,397.62,187.74,419.14,188.37,
./P_64/1493237348836_18_-study-where_to_find_morel_mushrooms_instructions_frames/1491424525118.png,1491424525118,0.21272899210453033,0.6636612415313721,0.20792609453201294,0.44013041257858276,0.3055555555555556,0.3977777777777778,242.27,189.94,237.67,228.72,242.72,264.87,252.62,298.07,270.12,326.43,296.41,347.56,328.36,361.56,359.90,366.45,390.83,362.53,422.39,350.15,448.50,329.10,466.50,299.73,476.36,263.75,480.47,226.82,474.98,188.65,442.32,152.36,425.97,144.31,402.86,143.85,383.72,148.15,271.71,151.92,286.73,143.71,309.81,143.29,328.85,147.64,286.61,184.00,305.57,174.37,326.77,183.68,305.86,189.20,305.98,181.36,427.73,184.49,407.93,174.88,387.17,184.01,407.76,189.58,407.18,181.86,357.13,175.20,335.41,223.97,325.84,240.48,335.31,252.06,358.73,255.33,381.96,252.07,391.46,240.34,381.71,223.69,357.85,206.04,343.99,245.57,373.67,245.58,317.30,290.28,333.01,280.88,348.81,277.06,359.23,279.62,369.71,277.02,385.60,280.90,401.21,290.53,389.54,299.49,375.59,304.72,359.44,306.18,342.95,304.36,329.22,299.17,339.18,289.91,359.35,291.12,379.42,290.26,379.11,287.54,359.35,287.27,339.28,287.65,358.58,234.77,294.45,177.32,317.61,176.83,316.71,187.31,295.32,187.63,419.36,177.89,396.07,177.25,397.01,187.55,418.51,188.15,
